,Portfolio size (funds),AUM average,Volatility,3m absolute,6m absolute,1y absolute,3y cagr,5y cagr,10y cagr
0,5,5371.568,15.742,2.618,2.121999999999998,15.008,11.610000000000001,7.438000000000006,4.450000000000001
1,10,17944.603,15.419,3.305,3.01,14.702000000000002,10.886999999999999,7.605999999999998,4.23625
2,25,11751.4892,15.469199999999999,2.8255999999999997,2.6012000000000004,11.927600000000002,9.4228,7.144736842105264,-
3,50,8088.740599999999,15.401800000000001,2.7564,2.531799999999997,9.9772,8.123600000000001,7.549268292682921,-
