,Portfolio size (funds),AUM average,Volatility,3m absolute,6m absolute,1y absolute,3y cagr,5y cagr,10y cagr
0,5,21243.698,16.407999999999998,-0.32799999999999985,-1.4420000000000002,10.758,8.243999999999998,10.599999999999998,7.279999999999999
1,10,14898.478,16.648,0.6440000000000001,-0.4109999999999996,10.088999999999995,7.057000000000004,8.481000000000005,6.261000000000001
2,25,13140.134399999999,15.690400000000002,1.6016,1.1891999999999996,9.4988,6.633999999999999,6.766400000000004,4.951200000000002
3,50,13513.4952,14.792200000000001,2.2249999999999996,1.6645999999999965,7.447799999999997,5.405399999999998,4.904800000000002,3.747399999999997
