,Portfolio size (funds),AUM average,Volatility,3m absolute,6m absolute,1y absolute,3y cagr,5y cagr,10y cagr
0,5,5371.568,15.742,1.408,12.751999999999999,46.238,25.03,25.958000000000006,17.35
1,10,17944.603,15.419,2.095,13.64,45.932,24.307,26.125999999999998,17.13625
2,25,11751.4892,15.469199999999999,1.6156,13.231200000000001,43.1576,22.8428,25.664736842105263,Only 15/25
3,50,8088.740599999999,15.401800000000001,1.5464000000000002,13.161799999999998,41.2072,21.5436,26.06926829268292,Only 25/50
