,Portfolio size (funds),AUM average,Volatility,3m absolute,6m absolute,1y absolute,3y cagr,5y cagr,10y cagr
0,5,7063.0419999999995,15.937999999999999,8.079999999999998,10.841999999999997,19.434,6.725999999999997,3.7440000000000033,-
1,10,6039.916,14.982,6.7170000000000005,9.37,14.807999999999996,4.876999999999997,3.1233333333333313,-
2,25,4289.5184,15.444399999999998,5.685599999999999,7.4596,13.898750000000003,4.8469999999999995,-,-
3,50,5470.453,14.85,4.6732,5.9916,10.017500000000002,4.076052631578952,-,-
